,Feature Name,Feature Value,Contribution,Average/Mode
10,Number of streams (sequences of binary data),-1.0,0.10380011722716517,4.199999809265137
9,Number of objects,-1.0,0.09525359516846038,15.494949494949495
11,Number of keywords that denote end of streams,-1.0,0.09093017866971423,4.232323232323233
14,Number of keywords with startxref,-1.0,0.06730871540858516,0.7575757575757576
17,Number of Javascript keywords,-1.0,-0.04112985303538153,1.0824742268041236
3,Number of entries in Xref tables,19.0,0.0346222799505631,3412.030029296875
12,Number of Xref tables,-1.0,0.027600970219714326,0.7373737373737373
27,Header is standard,False,0.01451341227645571,1.0
16,Number of JS keywords,-1.0,-0.013984324014600133,0.7419354838709677
21,Presence of JBIG2Decode filter,-1.0,0.013379880580414465,-0.14
7,Number of images,2.0,-0.011611251476588223,0.37
1,Size of metadata in KB,317.0,-0.011275593953382668,557.5999755859375
0,Total size in KB,63.0,0.007788470353189041,76.05999755859375
8,Contains text,1.0,-0.007024047765644355,0.2911392405063291
15,Number of streams that contain other objects,-1.0,0.0069424999663897325,-0.07000000029802322
13,Number of trailers,-1.0,0.00664724037979795,0.7900000214576721
24,Number of XFA keywords,-1.0,0.005884202608176565,-0.05102040816326531
25,Number of unique colors used,-1.0,0.005227676875529141,2.619999885559082
23,Number of Launch keywords,-1.0,0.004509325314720627,-0.14
2,Number of pages,1.0,0.004026962658226694,2.369999885559082
22,Number of RichMedia keywords,-1.0,0.003828888744028518,-0.14
18,Number of AA keywords,-1.0,0.0032417856246320298,-0.10204081632653061
19,Number of OpenAction keywords,-1.0,0.0020518256123250467,0.3917525773195876
4,Number of characters in the title,11.0,-0.0010000218361619774,7.050000190734863
20,Number of Acroform tags,-1.0,0.0003754365053282527,0.08080808080808081
6,Number of embedded files,0.0,-0.0003612698449705931,-0.03999999910593033
5,Encryption status,0.0,-0.00024710316094569864,-0.07000000029802322
26,Header contains error,False,0.0,0.0
