,Feature Name,Feature Value,Contribution,Average/Mode
1,Size of metadata in KB,180.0,0.08437450038166389,557.5999755859375
0,Total size in KB,7.0,0.07082044282613424,76.05999755859375
10,Number of streams (sequences of binary data),-1.0,0.04057450796471585,4.199999809265137
11,Number of keywords that denote end of streams,-1.0,0.03942998156208887,4.232323232323233
9,Number of objects,-1.0,0.03230687191594825,15.494949494949495
14,Number of keywords with startxref,-1.0,0.03013980123500005,0.7575757575757576
3,Number of entries in Xref tables,7.0,0.02529617605184285,3412.030029296875
7,Number of images,0.0,0.020589732784192166,0.37
8,Contains text,0.0,0.020344346675592533,0.2911392405063291
17,Number of Javascript keywords,-1.0,-0.019636016290032785,1.0824742268041236
12,Number of Xref tables,-1.0,0.015469812211304088,0.7373737373737373
27,Header is standard,False,0.010178192429593764,1.0
4,Number of characters in the title,0.0,0.007838225132936714,7.050000190734863
21,Presence of JBIG2Decode filter,-1.0,0.007018491799972253,-0.14
13,Number of trailers,-1.0,0.006027272687369987,0.7900000214576721
2,Number of pages,1.0,0.005866168715538151,2.369999885559082
19,Number of OpenAction keywords,-1.0,0.005705118850710278,0.3917525773195876
15,Number of streams that contain other objects,-1.0,0.005614249440868662,-0.07000000029802322
16,Number of JS keywords,-1.0,-0.005342535714898986,0.7419354838709677
23,Number of Launch keywords,-1.0,0.0024788490372520755,-0.14
22,Number of RichMedia keywords,-1.0,0.0021881312622281258,-0.14
18,Number of AA keywords,-1.0,0.0016622691105476406,-0.10204081632653061
24,Number of XFA keywords,-1.0,0.001634848585963482,-0.05102040816326531
25,Number of unique colors used,-1.0,0.0006711904743497143,2.619999885559082
20,Number of Acroform tags,-1.0,0.0004810317552346532,0.08080808080808081
5,Encryption status,0.0,-0.000314285711501725,-0.07000000029802322
6,Number of embedded files,0.0,-0.00011738094937754795,-0.03999999910593033
26,Header contains error,False,0.0,0.0
