,Feature Name,Feature Value,Contribution,Average/Mode
1,Size of metadata,180.0,0.08964724149648645,557.5999755859375
0,Total size,7.0,0.05728128655377986,76.05999755859375
9,Number of objects,-1.0,0.04602530512804037,15.494949494949495
11,Number of streams (sequences of binary data),-1.0,0.035887749911706804,4.199999809265137
10,,-1.0,0.03459724224495403,15.464646464646465
15,Number of keywords with startxref,-1.0,0.031907319095826094,0.7575757575757576
12,Number of keywords that denote end of streams,-1.0,0.025558231422028257,4.232323232323233
18,Number of Javascript keywords,-1.0,-0.022235720750745713,1.0824742268041236
3,Number of entries in Xref tables,7.0,0.0200117834069124,3412.030029296875
7,Number of images,0.0,0.019476770971996304,0.37
8,Contains text,0.0,0.018355418261012345,0.2911392405063291
13,Number of Xref tables,-1.0,0.014596330335606353,0.7373737373737373
17,Number of JS keywords,-1.0,-0.010336349039043853,0.7419354838709677
14,Number of trailers,-1.0,0.009691481813460997,0.7900000214576721
28,Header is standard,False,0.008228794111873867,1.0
2,Number of pages,1.0,0.006254130640927542,2.369999885559082
24,Number of Launch keywords,-1.0,0.005602615358602634,-0.14
4,Number of characters in the title,0.0,0.005402178913564057,7.050000190734863
20,Number of OpenAction keywords,-1.0,0.0034625755462366213,0.3917525773195876
16,Number of streams that contain other objects,-1.0,0.0022386868975809195,-0.07000000029802322
19,Number of AA keywords,-1.0,0.0019028571258422743,-0.10204081632653061
25,Number of XFA keywords,-1.0,0.0017212300152459647,-0.05102040816326531
22,Presence of JBIG2Decode filter,-1.0,0.0017011111602187156,-0.14
23,Number of RichMedia keywords,-1.0,0.0009768254503433127,-0.14
21,Number of Acroform tags,-1.0,-0.0006527064972442531,0.08080808080808081
26,Number of unique colors used,-1.0,-0.0004883441641231911,2.619999885559082
6,Number of embedded files,0.0,-0.0003373809487675317,-0.03999999910593033
5,Encryption status,0.0,-7.666666497243568e-05,-0.07000000029802322
27,Header contains error,False,0.0,0.0
