,Feature Name,Feature Value,Contribution,Average/Mode
9,Number of objects,-1.0,0.1067378339019524,15.494949494949495
11,Number of streams (sequences of binary data),-1.0,0.07743515090174696,4.199999809265137
12,Number of keywords that denote end of streams,-1.0,0.07434105979547895,4.232323232323233
10,,-1.0,0.07394231864300309,15.464646464646465
15,Number of keywords with startxref,-1.0,0.0650089859399668,0.7575757575757576
18,Number of Javascript keywords,-1.0,-0.045268442397973556,1.0824742268041236
3,Number of entries in Xref tables,19.0,0.0250867603041479,3412.030029296875
17,Number of JS keywords,-1.0,-0.02249245084996801,0.7419354838709677
13,Number of Xref tables,-1.0,0.02042728003641969,0.7373737373737373
1,Size of metadata,317.0,-0.015123728747685163,557.5999755859375
14,Number of trailers,-1.0,0.015028737453922076,0.7900000214576721
28,Header is standard,False,0.01239307345404086,1.0
7,Number of images,2.0,-0.011035450308245345,0.37
8,Contains text,1.0,-0.010872301295039506,0.2911392405063291
24,Number of Launch keywords,-1.0,0.010109404626364267,-0.14
2,Number of pages,1.0,0.008369881077014725,2.369999885559082
16,Number of streams that contain other objects,-1.0,0.004853928651700698,-0.07000000029802322
19,Number of AA keywords,-1.0,0.0032511506301034386,-0.10204081632653061
4,Number of characters in the title,11.0,0.0031996822699875338,7.050000190734863
21,Number of Acroform tags,-1.0,-0.0028215801338501477,0.08080808080808081
0,Total size,63.0,0.002796327969044796,76.05999755859375
22,Presence of JBIG2Decode filter,-1.0,0.0019746825780021025,-0.14
6,Number of embedded files,0.0,-0.0005426587263355031,-0.03999999910593033
23,Number of RichMedia keywords,-1.0,-0.0004311506919111707,-0.14
20,Number of OpenAction keywords,-1.0,0.00017337312703602948,0.3917525773195876
26,Number of unique colors used,-1.0,-0.0001472620008917147,2.619999885559082
25,Number of XFA keywords,-1.0,9.13888139257324e-05,-0.05102040816326531
5,Encryption status,0.0,-8.599206485087052e-05,-0.07000000029802322
27,Header contains error,False,0.0,0.0
